<?xml version="1.0" encoding="UTF-8"?>
<project-private xmlns="http://www.netbeans.org/ns/project-private/1">
    <editor-bookmarks xmlns="http://www.netbeans.org/ns/editor-bookmarks/2" lastBookmarkId="0"/>
    <open-files xmlns="http://www.netbeans.org/ns/projectui-open-files/2">
        <group>
            <file>file:/C:/Users/lab_services_student/Documents/NetBeansProjects/POE-PART1/src/Login.java</file>
            <file>file:/C:/Users/lab_services_student/Documents/NetBeansProjects/POE-PART1/src/Account.java</file>
            <file>file:/C:/Users/lab_services_student/Documents/NetBeansProjects/POE-PART1/test/EasyKanbanTest.java</file>
            <file>file:/C:/Users/lab_services_student/Documents/NetBeansProjects/POE-PART1/test/AccountTest.java</file>
            <file>file:/C:/Users/lab_services_student/Documents/NetBeansProjects/POE-PART1/src/AccountCreation.java</file>
            <file>file:/C:/Users/lab_services_student/Documents/NetBeansProjects/POE-PART1/src/SignUp.java</file>
            <file>file:/C:/Users/lab_services_student/Documents/NetBeansProjects/POE-PART1/src/EasyKanban.java</file>
            <file>file:/C:/Users/lab_services_student/Documents/NetBeansProjects/POE-PART1/test/TaskTest.java</file>
            <file>file:/C:/Users/lab_services_student/Documents/NetBeansProjects/POE-PART1/src/Task.java</file>
        </group>
    </open-files>
</project-private>
